Names,Cities,Countries,Animals,Objects,Colors,Foods,Brands,Jobs,Sports
Aaron,Abu Dhabi,Afghanistan,Aardvark,Acoustic guitar,Alabaster,Acorn squash,Acer,Accountant,Aikido
Abigail,Abuja,Albania,Albatross,Airplane,Amber,Almonds,Adidas,Actor,Airsoft
Adam,Accra,Algeria,Alligator,Alarm clock,Amethyst,Anchovies,Adobe,Actor,Alpine Skiing
Alex,Addis Ababa,Andorra,Ant,Apple,Apple Green,Angel hair pasta,Airbnb,Agriculturist,American Football
Alyssa,Algiers,Angola,Anteater,Apron,Apricot,Apple,Amazon,Air Traffic Controller,Archery
Amanda,Amman,Antigua and Barbuda,Armadillo,Aquarium,Aqua,Apricot,American Express,Animator,Arm Wrestling
Andrew,Amsterdam,Argentina,Axolotl,Armchair,Army Green,Artichoke,Apple,Archaeologist,Athletics
Anna,Andorra la Vella,Armenia,Baboon,Art supplies,Ash Gray,Arugula,Armani,Architect,Australian Rules Football
Anthony,Ankara,Australia,Badger,Ashtray,Auburn,Asparagus,Audi,Artist,Auto Racing
Ashley,Antananarivo,Austria,Balinese,Atlas,Azure,Avocado,Bank of America,Astronomer,Badminton
Bailey,Apia,Bahamas,Banded Palm Civet,Avocado,Baby Blue,Bacon,Beats by Dre,Baker,Baseball
Bella,Ashgabat,Bahrain,Bandicoot,Backpack,Banana Yellow,Baguette,Bentley,Banker,Basketball
Benjamin,Asmara,Bangladesh,Barnacle,Ball,Beige,Banana,BlackBerry,Barber,Beach Volleyball
Blake,Asuncion,Barbados,Barracuda,Basket,Blue,Basil,BMW,Bartender,Biathlon
Bradley,Athens,Belarus,Barracuda,Bicycle,Bottle Green,Black beans,Boeing,Bartender,Bobsleigh
Brandon,Baghdad,Belgium,Barramundi Fish,Binoculars,Brick Red,Blueberries,Bosch,Biologist,Bodybuilding
Brian,Baku,Belize,Bat,Blanket,Bronze,Broccoli,Budweiser,Bookkeeper,Bowling
Brittany,Bamako,Benin,Cheetah,Blender,Brown,Brown rice,Burberry,Botanist,Boxing
Brooke,Bangkok,Bhutan,Chimpanzee,Book,Burgundy,Brussels sprouts,Burger King,Bricklayer,Bungee Jumping
Brooklyn,Bangui,Bolivia,Cobra,Bookshelf,Burnt Orange,Butternut squash,Calvin Klein,Bus driver,Canoeing
Caleb,Banjul,Cambodia,Cockatoo,Bottle Opener,Carmine,Carrot,Canon,Carpenter,Capoeira
Cameron,Basseterre,Cameroon,Cougar,Bowtie,Celadon,Cauliflower,Caterpillar,Cashier,Cheerleading
Carl,Beijing,Canada,Cow,Bucket,Charcoal,Cereal,Chanel,Chef,Chess
Caroline,Beirut,Cape Verde,Coyote,Calculator,Chartreuse,Cheese,Chevrolet,Chemist,Climbing
Casey,Belgrade,Central African Republic,Crab,Calendar,Chestnut,Cherry,Cisco,Civil Engineer,Cricket
Catherine,Belmopan,Chad,Crocodile,Camera,Citrine,Chicken,Citibank,Coach,Croquet
Charlote,Berlin,Chile,Cuttlefish,Candle,Cobalt Blue,Chocolate,Coca Cola,Computer Programmer,Cross Country Skiing
Chloe,Bern,China,Dachshund,Car,Coral,Coconut,Colgate,Counselor,Curling
Cody,Bishkek,Colombia,Dalmatian,Chair,Cream,Croissant,Converse,Curator,Cycling
Connor,Bissau,Comoros,Deer,Clock,Cyan,Cucumber,Dell,Customer Service Representative,Darts
Daisy,Bogota,Denmark,Dingo,Coat,Dandelion Yellow,Danish pastry,Dior,Dancer,Decathlon
Damon,Brasilia,Djibouti,Dog,Computer,Dark Blue,Dark chocolate,Disney,Data Analyst,Disc Golf
David,Bratislava,Dominica,Dolphin,Cup,Dark Gray,Dates,Dodge,Database Administrator,Diving
Denver,Bridgetown,Dominican Republic,Donkey,Dartboard,Dark Olive,Deviled eggs,Dolce & Gabbana,Dentist,Dodgeball
Derek,Brussels,Ecuador,Dragonfly,Desk,Deep Purple,Dijon mustard,Dominos,Designer,Dog Sledding
Destiny,Bucharest,Egypt,Duck,Diary,Denim,Dill,Dr Martens,Detective,Downhill Skiing
Devonne,Budapest,El Salvador,Dugong,Dice,Desert Sand,Doughnut,Dropbox,Dietitian,Dragon Boat Racing
Diana,Bujumbura,Equatorial Guinea,Eagle,Dish,Dodger Blue,Dragon fruit,Dunkin,Dispatcher,Dressage
Drew,Cairo,Eritrea,Earthworm,Doll,Drab ,Duck,Duracell,Doctor,Dune Bashing 
Dylan,Canberra,Estonia,Echidna,Door,Dusty Rose,Dumplings,eBay,Driver,Endurance Riding
Elizabeth,Cape Town,Ethiopia,Eel,Drawing pad,Earthy Brown,Durian,Electrolux,Economist,Epee Fencing
Ella,Caracas,Fiji,Egret,Drum,Ebony,Edamame,Emirates,Editor,Equestrian
Ellie,Casablanca,Finland,Elephant,DVD player,Ecru ,Eggplant,Epson,Educator,eSports
Emily,Castries,France,Elk,Earphones,Eggplant Purple,Eggs,ESPN,Electrician,Fencing
Emma,Charlotte Amalie,Gabon,Emu,Easel,Egyptian Blue,Elderberry,Estee Lauder,Electrician,Field Hockey
Erin,Chengdu,Gambia,Eurasian Lynx,Egg timer,Electric Blue,Empanada,Etnies,Emergency Medical Technician,Figure Skating
Erin,Chennai,Georgia,Falcon,Electric fan,Emerald Green,Enchiladas,Eucerin,Engineer,Fistball
Ethan,Chiang Mai,Germany,Ferret,Envelope,English Red,Endive,Evernote,Environmental Scientist,Flag Football
Eva,Chicago,Ghana,Finch,Eraser,Eton Blue,English muffin,ExxonMobil,Epidemiologist,Floorball
Evelyn,Chisinau,Greece,Flamingo,Espresso machine,Eucalyptus Green,Escarole,Facebook,Event Planner,Football
Faith,Cologne,Grenada,Flea,Exercise ball,Fern Green,Espresso,FedEx,Farmer,Formula 1 Racing
Felicia,Colombo,Guatemala,Flycatcher,Extension cord,Firebrick,Fajitas,Fendi,Fashion Designer,Freestyle Skiing
Felix,Conakry,Guinea,Fossa,Eyeglasses,Flamingo Pink,Falafel,Ferrari,Film Director,Futsa
Finn,Copenhagen,Guinea Bissau,Fox,Fan,Fluorescent Orange,Fennel,FisherPrice,Financial Analyst,Gaelic Football
Finnegan,Dakar,Haiti,Frigatebird,File cabinet,Forest Green,Feta cheese,Foot Locker,Firefighter,Gliding
Fiona,Dalian,Honduras,Frog,Fishing rod,French Blue,Fettuccine,Ford,Fitness Instructor,Goalball
Frances,Damascus,Hungary,Gazelle,Flashlight,Frost White,Figs,Frigidaire,Flight Attendant,Go Kart Racing
Francesca,Delhi,Iceland,Gecko,Flip-flops,Fuchsia,French fries,Frito Lay,Florist,Golf
Frank,Denver,India,Gerbil,Football,Fulvous,French toast,Fujitsu,Forensic Scientist,Grappling
Frederick,Dhaka,Indonesia,Gibbon,Fork,Fuscia Red,Fruit salad,Gap,Forester,Greco Roman Wrestling
Gabriel,Dili,Iran,Giraffe,Fountain pen,Garnet,Fudge,Garmin,Game Developer,Gridiron Football
Gabriella,Djibouti,Iraq,Goat,French press,Ghost White,Garlic bread,Gatorade,Gardener,Gymnastics
Garrett,Dodoma,Ireland,Goldfish,Frisbee,Ginger,Gazpacho,General Electric,General Practitioner,Hammer Throw 
Gavin,Doha,Israel,Gorilla,Game controller,Glacier Blue,Gelato,Gillette,Geneticist,Handball
Genevieve,Dresden,Italy,Grasshopper,Garden hose,Gold,Ginger,Giorgio Armani,Geologist,Hang Gliding
George,Dubai,Ivory Coast,Hare,Gift box,Grape Purple,Gouda cheese,Goldman Sachs,Glassblower,High Diving
Giovanni,Dublin,Jamaica,Harpy Eagle,Glasses,Grass Green,Granola,Google,Government Official,Hiking
Giselle,Durban,Japan,Hedgehog,Globe,Gray,Grapes,GoPro,Graphic Designer,Hockey
Gloria,Dushanbe,Jordan,Hermit Crab,Goggles,Green,Greek salad,Gucci,Guidance Counselor,Horse Racing
Grace,Edinburgh,Kazakhstan,Hippopotamus,Grater,Gunmetal,Guacamole,H&M,Gymnastics Coach,Horseshoe Pitching
Hailey,Eindhoven,Kenya,Honey Bee,Guitar,Han Purple,Gumbo,Haagen Dazs,Hairdresser,Hula Hooping
Hannah,Ekibastuz,Kiribati,Hornbill,Gum,Harvest Gold,Halibut,Harley Davidson,Health Inspector,Hurdling 
Harper,El Aaiun,Kuwait,Horse,Gym bag,Hazel,Hamburger,Hersheys,Historian,Ice Dancing 
Harrison,El Paso,Kyrgyzstan,Hummingbird,Hammer,Heather Gray,Hash browns,Hertz,Historian,Ice Fishing
Harvey,Enugu,Laos,Hyena,Handbag,Heliotrope,Hazelnuts,Hilton,Horticulturist,Ice Hockey
Hazel,Erbil,Latvia,Ibex,Hanger,Henna,Honey,Honda,Hotel Manager,Ice Skating
Heidi,Espoo,Lebanon,Ibis,Harmonica,Hollywood Cerise,Horchata,HP,Housekeeper,Indoor Climbing
Helena,Essen,Lesotho,Iguana,Hat,Honey,Hot chocolate,Hugo Boss,Human Resources Manager,Indoor Rowing
Henry,Eugene,Liberia,Impala,HDMI cable,Hot Pink,Hot wings,Hyundai,HVAC Technician,Indoor Soccer
Hope,Exeter,Libya,Indian Elephant,Headphones,Hunter Green,Hotdog,Ibanez,Hydrologist,Indoor Volleyball
Ian,Faisalabad,Liechtenstein,Indigo Bunting,Highlighter,Ice Blue,Hummus,IBM,Illustrator,Inline Skating
Idris ,Faro,Lithuania,Insect,Hot water bottle,Icterine,Ice cream,iHeartRadio,Illustrator,Ironman Triathlon
Imani,Florence,Luxembourg,Irish Setter,Humidifier,Inchworm Green,Iceberg lettuce,IKEA,Immunologist,Jai Alai 
Irene,Florianopolis,Madagascar,Irish Wolfhound,Ice cream scoop,Indian Red,Iced coffee,Infiniti,Industrial Engineer,Javelin Throw
Iris ,Fortaleza,Malawi,Jackal,Ice pack,Indigo,Iced mocha,In N Out Burger,Information Security Analyst,Jet Skiing
Irving,Frankfurt,Malaysia,Jaguar,Incense holder,International Klein Blue,Iced tea,Instagram,Inspector ,Jiu Jitsu
Isaac,Freetown,Maldives,Japanese Chin,Incubator,Iridescent White,Icing ,Intel,Interior Designer,Jogging 
Isabella,Fresno,Mali,Javan Rhino,Ink pen,Iris,Idaho potatoes,Isuzu,Interpreter,Jorkyball 
Isaiah,Fukui,Malta,Jaybird,Insect repellent,Islamic Green,Indian curry,Ivory ,Investment Analyst,Jousting
Ivy,Fukuoka,Marshall Islands,Jellyfish,Instant camera,Ivory,Instant noodles,J Crew,IT Consultant,Judo
Jackson,Funafuti,Mauritania,Jerboa,iPad,Jade,Italian sausage,Jack Daniels,Jailor,Jump Rope
Jacob,Gaborone,Mauritius,Junco,iPod,Lapis Lazuli,Jackfruit,Jack Wolfskin,Janitor,Jumping 
Jade ,Geneva,Mexico,Junglefowl,Iron,Lava Red,Jalapeno peppers,Jaguar,Java Developer,Karate
James ,Georgetown,Namibia,Kangaroo,Jacket,Lavender,Jam,Jansport,Jazz Musician,Kayaking
Jasmine,Ghent,Nauru,Kelpie,Jar opener,Lavender Blue,Jambalaya,JBL,Jeweler,Kendo
Jennifer ,Giza,Nepal,Kestrel,Jelly jar,Lemon Yellow,Jasmine rice,Jeep,Jockey,Kickboxing
Jocelyn,Glasgow,Netherlands,Killifish,Jewelry box,Light Blue,Java rice,Jimmy Choo,Jointer,Kin Ball 
Joseph ,Gothenburg,New Zealand,Kingfisher,Jigsaw puzzle,Lilac,Jelly,Juicy Couture,Journalist,Kiteboarding
Joshua,Graz,Nicaragua,Kinkajou,Journal,Lime Green,Jellybeans,Kappa,Judge,Kitesurfing
Joy,Guadalajara,Niger,Kiwi,Joystick,Linen,Jerk pork,Kaspersky,Juggler,Korfball
Kaitlyn,Guangzhou,Nigeria,Koala,Juggling balls,Liver,Jicama,Kate Spade,Karate Instructor,Kubb
Kamri,Guatemala City,North Macedonia,Komodo Dragon,Jukebox,Magenta,Kabobs,Kelloggs,Kennel Attendant,Kung Fu
Kelsey,Guayaquil,Norway,Kudu,Jump rope,Mahogany,Kaffir lime,Kelty,Keyboardist,Lacrosse
Kendall,Gustavia,Oman,Labrador Retriever,Kaleidoscope,Marigold,Kale,Kenmore,Kiln Operator,Lawn Bowling
Kevin,Hamburg,Pakistan,Ladybug,Kayak,Maroon,Ketchup,KFC ,Kindergarten Teacher,Lethwei 
Kimberly,Hangzhou,Palau,Lamprey,Kettle,Mauve,Kielbasa,Kia,Kinesiologist,Lifesaving
Kourtney,Hanoi,Panama,Lemming,Key,Midnight Blue,Kimchi,Kodak,Kiosk Attendant,Lifting
Kris,Harare,Papua New Guinea,Lemur,Keyboard,Mint Green,Kingfish,Lacoste,Kitchen Manager,Long Jump
Kurt,Havana,Paraguay,Liger ,Kitchen knife,Moss Green,Kiwi,Lamborghini,Knitting Instructor,Longboarding
Kyle,Helsinki,Peru,Lion,Kite,Mulberry,Kombucha,Lego,Laboratory Technician,Lucha Libre
Lara,Hiroshima,Philippines,Llama,Kleenex box,Mustard Yellow,Kumquat,Lenovo,Landscape Architect,Luge
Laura,Hobart,Poland,Lobster,Knapsack,Naples Yellow,Lamb,Levis,Lawyer,Luge
Lawrence,Honiara,Portugal,Lynx,Knitting needles,Navajo White,Lasagna,Lexus,Librarian,Marathon Running
Layla,Houston,Qatar,Macaw,Ladder,Navy Blue,Latte,LinkedIn,Lifeguard,Miniature Golf
Leah,Hyderabad,Romania,Magpie,Lamp,Nectarine,Lemon,Loreal,Lighthouse Keeper,Mixed Martial Arts
Leo,Ilorin,Russia,Manatee,Laptop,Neon Green,Lentils,Louis Vuitton,Linguist,Modern Pentathlon
Levi,Incheon,Rwanda,Mantis,Lemon squeezer,Nickel,Lettuce,Lowes,Loan Officer,Mogul Skiing
Liam,Indianapolis,Saint Kitts and Nevis,Marmoset,Letter opener,Nile Blue,Lime,M&Ms,Locksmith,Motocross
Lily,Indore,Saint Lucia,Meerkat,Lighthouse model,Nude,Linguine,Macys,Lumberjack,Motor Racing
Lucas,Innsbruck,Saint Vincent and the Grenadines,Monarch Butterfly,Lipstick,Nutmeg,Lobster,MasterCard,Machinist,Mountain Biking
Madison,Irkutsk,Samoa,Mongoose,Locket,Nyanza,Lychee,Maybelline,Magician,Mountaineering
Mark,Irvine,San Marino,Moose,Luggage,Ocean Blue,Macaroni and cheese,McDonald's,Marine Biologist,Muay Thai
Mason,Islamabad,Sao Tome and Principe,Mountain Goat,Lunchbox,Ochre,Mango,Mercedes-Benz,Marketing Manager,NASCAR Racing
Matthew,Istanbul,Saudi Arabia,Nalolo,Magazine,Old Rose,Maple syrup,Michelin,Massage Therapist,Netball
Max,Izmir,Senegal,Nalolo,Magnifying glass,Olive,Mashed potatoes,Microsoft,Mathematician,Nine Pin Bowling
Megan,Jaipur,Serbia,Nase,Mailbox,Onyx,Melon,Mitsubishi,Mechanic,Ninja Warrior 
Melissa,Jakarta,Seychelles,Neddicky,Marker,Opal,Mint,Nespresso,Medical Assistant,Noodling 
Mia,Jeddah,Sierra Leone,Nematode,Mattress,Orange,Mocha,Nestle,Meteorologist,Nordic Combined 
Michael,Jerusalem,Singapore,Newt,Microphone,Orchid,Mozzarella,Neutrogena,Musician,Nordic Skiing
Morgan,Jilin,Slovakia,Nightcrawler,Microscope,Oxford Blue,Mushroom,New Balance,Nanny,Nordic Walking
Nadia,Jinan,Slovenia,Nudibranch,Mirror,Oyster,Mussels,Nike,Naval Architect,Novuss
Naomi,Joao Pessoa,Solomon Islands,Nudibranch,Mouse,Pale Yellow,Naan bread,Nintendo,Network Administrator,Nukem Ball
Natalie,Jodhpur,Somalia,Numbat,Mug,Peach,Nachos,Nissan,Neurologist,Obstacle Course Racing 
Nathan,Johannesburg,South Africa,Ocelot,Nail clippers,Peacock Blue,Napa cabbage,Nivea,News Anchor,Octopush 
Nathanial,Juba,South Korea,Ocelot,Nail file,Periwinkle,Navel orange,Nokia,Notary Public,Off Roading 
Nicholas,Kabul,South Sudan,Octopus,Napkin,Pine Green,Nectarine,Nutella,Novelist,Olympic Weightlifting
Nicole,Kampala,Spain,Orangutan,Nautical chart,Pink,Nigiri ,Oakley,Nuclear Engineer,Open Water Swimming
Noah,Kaohsiung,Sri Lanka,Osprey,Necklace,Plum,Noodles,Ocean Spray,Nurse,Orienteering
Nolan,Karachi,Sudan,Ostrich,Newspaper,Prussian Blue,Nori,Olay,Nutritionist,Outrigger Canoeing
Nora,Kathmandu,Suriname,Otter,Nightstand,Puce,Nougat,Old Navy,Occupational Therapist,Overhead Press 
Octavia,Khartoum,Sweden,Owl,Notebook,Pumpkin Orange,Nutmeg,Olympus,Oceanographer,Paddleboarding
Odin,Kigali,Switzerland,Ox,Notepad,Purple,Oatmeal,OnePlus,Office Manager,Paintball
Oliver,Kingston,Syria,Oyster,Nutcracker,Rainforest Green,Octopus,Oracle,Oil Painter,Paragliding
Olivia,Kingstown,Tajikistan,Panda,Oar,Raisin,Okra,Oral B,Opera Singer,Parkour
Omar,Kinshasa,Tanzania,Panther,Office chair,Raspberry,Olive,Oreo,Ophthalmologist,Pentathlon
Orlando,Kochi,Thailand,Parrot,Oil lamp,Red,Omelette,Oscar Mayer,Optometrist,Petanque 
Oscar,Kolkata,Timor Leste,Peacock,Orange,Rich Brown,Onion rings,Panasonic,Ornithologist,Ping Pong
Osiris,Kuala Lumpur,Togo,Penguin,Organizer,Rose,Onion soup,Pepsi,Orthodontist,Pole Vault
Otis,Kunming,Tonga,Platypus,Oscillating fan,Royal Blue,Orange,Pfizer,Outreach Coordinator,Polo
Owen,Kuwait City,Trinidad and Tobago,Polar Bear,Ottoman,Ruby,Oregano,Pinterest,Paramedic,Powerlifting
Paige,Kyiv,Tunisia,Porcupine,Oven,Rust,Oysters,Pizza Hut,Pharmacist,Quidditch
Paige,Kyoto,Turkey,Puffin,Overalls,Sapphire,Pancakes,PlayStation,Photographer,Racquet Sports 
Patricia,La Paz,Turkmenistan,Puma,Paintbrush,Sky Blue,Pasta,Porsche,Physical Therapist,Racquetball
Patrick,Lagos,Tuvalu,Quokka,Pen,Sea Green,Peach,Prada,Physician,Ringette
Paul,Lahore,Uganda,Rabbit,Pencil,Salmon,Peanut butter,Puma,Pilot,Road Cycling
Penelope,Libreville,Ukraine,Raccoon,Perfume bottle,Slate Gray,Pesto,Quaker Oats,Plumber,Rock Climbing
Peter,Lilongwe,United Arab Emirates,Rat,Phone,Sand,Pineapple,Rado,Police Officer,Rodeo
Peyton,Lima,United Kingdom,Rattlesnake,Piano,Sienna,Pizza,Ralph Lauren,Professor,Roller Derby
Philip,Lisbon,United States,Red Panda,Picture frame,Saffron,Pomegranate,Ray Ban,Psychologist,Roller Skating
Preston,Ljubljana,Uruguay,Rhinoceros,Pillow,Silver,Popcorn,Razer,Quality Control Inspector,Rowing
Quaid,Lome,Uzbekistan,Robin,Plate,Sunflower Yellow,Pumpkin,Red Bull,Radio DJ,Rugby
Queenie,London,Vanuatu,Rooster,Printer,Violet,Quail,Reebok,Radiologist,Skateboarding
Quentin,Los Angeles,Vatican City,Rottweiler,Quilt,Vermilion,Quattro formaggi ,Revlon,Rancher,Skiing
Quetzal,Luanda,Venezuela,Russian Blue,Radio,Viridian,Queenfish,Rolex,Real Estate Agent,Snooker
Quiana,Lusaka,Vietnam,Seahorse,Razor,Vanilla,Quesadilla,Rolls Royce,Receptionist,Soccer
Quincey,Luxembourg City,Wallis and Futuna,Shark,Recorder ,Verdigris,Quiche,Samsung,Reporter,Softball
Quincy,Lyon,Western Sahara,Sloth,Refrigerator,Venetian Red,Quick oats,Shell,Research Scientist,Squash
Quinlan,Madrid,Yemen ,Snail,Remote control,Violet Blue,Quickbread,Siemens,Respiratory Therapist,Sumo Wrestling
Quinn,Majuro,Zambia,Snow Leopard,Ring,Viking Yellow,Quince,Skechers,Risk Analyst,Surfing
Quirin,Malabo,Zimbabwe,Spider,Roasting pan,Velvet,Quinoa,Sony,Robotics Engineer,Swimming
Rachel,Male,,Squirrel,Rug,Virgo,Quinoa salad,Sprite,Salesperson,Synchronized Swimming
Rebecca,Managua,,Starfish,Ruler,White,Radishes,Starbucks,School Counselor,Table Tennis
Renee,Manama,,Stingray,Running shoes,Wheat,Ramen,Subaru,Scientist,Taekwondo
Richard,Manila,,Swan,Scissors,Watermelon,Raspberries,Subaru,Security Guard,Tai Chi
Riley,Maputo,,Tarantula,Shoes,Wine Red,Raspberry tart,Swarovski,Social Worker,Team Handball
Robert,Maseru,,Tarsier,Skateboard,Willow Green,Ravioli,Taco Bell,Software Developer,Tennis
Roman,Mbabane,,Tasmanian Devil,Soap,Wisteria,Red pepper,Target,Speech Therapist,Thoroughbred Racing
Rose,Melekeok,,Termite,Sofa,Warm Gray,Red velvet cake,Tesla,Statistician,Track and Field
Ryan,Mexico City,,Thorny Devil,Speaker,Wedgwood Blue,Ribeye steak,Timberland,Stockbroker,Trampolining
Rylan,Minsk,,Tiger,Spoon,Wild Strawberry,Risotto,T Mobile,Surgeon,Triathlon
Samantha,Mogadishu,,Toucan,Stapler,Windsor Blue,Roce pudding,Tommy Hilfiger,Tailor,Tug of War
Samuel,Monaco,,Tuna,Suitcase,Yellow,Salmon,Toshiba,Tax Consultant,Ultimate Frisbee
Sarah,Monrovia,,Turkey,Sunglasses,Yarrow,Sausage,Toyota,Teacher,Varsity Polo
Scarlett,Montevideo,,Turtle,Table,Yolk Yellow,Scallops,Tropicana,Technical Writer,Vaulting 
Sebastian,Moroni,,Uakari,Teapot,Yves Klein Blue ,Shrimp,Twitter,Technician,Velodrome Cycling 
Simon,Moscow,,Vaal Rhebok,Telephone,Yellow Green,Spaghetti,Under Armour,Telemarketer,Vertical Dance 
Sophia,Muscat,,Vampire Bat,Television,Yale Blue,Spinach,Vans,Therapist ,Vigoro
Stella,Nagoya,,Vaquita,Thermometer,YInMn Blue,Strawberries,Verizon,Tour Guide,Vintage Base Ball 
Steven,Nairobi,,Velvet Worm,Toothbrush,York Pink,Sushi,Versace,Translator,Volley Tennis
Sydney,Nanning,,Vervet Monkey,Towel,Yuletide Yellow,Sweet potatoes,Vichy,Truck Driver,Volleyball
Tara,Naples,,Viper,Trash can,Yuma,Tamarind,Victoria s Secret,Umpire,Vovinam
Taylor,Nassau,,Vizsla,Tshirt,,Tangerines,Visa,Valet Parking Attendant,Wakeboarding
Tessa,Naypyidaw,,Vulture,Umbrella,,Thyme,Vizio,Vendor,Walking Football
Theodore,New Delhi,,Wallaby,Vacuum cleaner,,Tiramisu,Vodafone,Ventilation Engineer,Water Polo
Thomas,New York City,,Walrus,Vanity mirror,,Tofu,Volkswagen,Veterinarian,Water Skiing
Tiffany,Newcastle,,Warthog,Vase,,Tomatoes,Volvo,Video Editor,Weightlifting
Timothy,Ngerulmud,,Wasp,Vegetable peeler,,Tortillas,Walmart,Virologist,Wheelchair Basketball
Trinity,Niamey,,Weasel,Velcro straps,,Tuna,Walt Disney,Visual Merchandiser,Windsurfing
Troy,Nice,,Whale,Video camera,,Turkey,Warner Bros.,Vocalist,Wing Chun
Tyler,Nicosia,,Wildebeest,Vinyl record,,Turnips,Wells Fargo,Voice Actor,Wrestling
Ulla,North Nicosia,,Wolf,Violin,,Ube ,Wendy s,Volunteer Coordinator,Wushu
Ulric,Nottingham,,Wombat,Volleyball,,Udon noodles,Western Digital,Waiter,Xare
Ulysses,Nouakchott,,Woodpecker,Wall clock,,Ugli fruit,Whirlpool,Warehouse Manager,Yabusame 
Uma,Novosibirsk,,Xenops,Wallet,,Umami ,Wilson,Web Developer,Yachting
Umar,Nuremberg,,Yabby,Wardrobe,,Umeboshi ,Wrangler,Wedding Planner,Yangko
Unity,Nur Sultan,,Yabby,Watch,,Unagi ,Xbox,Welder,Yawara Jitsu
Upton,Odessa,,Yaffle,Water bottle,,Urad dal ,Yahoo,Wildlife Biologist,Yoga
Urban,Omsk,,Yak,Wax candle,,Uszka ,Yamaha,Wind Turbine Technician,Yoyoing 
Uriel,Oporto,,Yellow Tang,Wind chimes,,Utazi ,Yankee Candle,Window Cleaner,Yukigassen
Ursula,Oranjestad,,Yellow eyed Penguin,Wireless mouse,,Vanilla,Yelp,Woodworker,Zen Archery 
Valerie,Orenburg,,Yellowjacket,Wrench,,Veal,YETI,Writer,Zettleball 
Vanessa,Orlando,,Yeti Crab,Writing desk,,Vegetable stir fry,YKK,X Ray Technician,Ziplining 
Vaughn,Osaka,,Yorkshire Terrier,Xylophone,,Veggie burger,Yoplait,Yoga Instructor,Zorbing
Vera,Oslo,,Yucatan Squirrel,Yacht model,,Venison,Yves Rocher,Zookeeper,Zui Quan
Veronica,Ottawa,,Zander,Yarn,,Vermicelli,Yves Saint Laurent ,,Zumba
Victor,Ouagadougou,,Zanzibar Red Banana Frog,Yearbook,,Vichyssoise ,Zagg,,
Victoria,Oxford,,Zebra,Yellow highlighter,,Vinaigrette,Zappos,,
Vincent,Palikir,,Zebrafish,Yoga mat,,Vindaloo,Zara,,
Violet,Panama City,,Zebroid,Yoghurt container,,Vinegar,Zenith,,
Vivian,Paramaribo,,Zebu,Youth soccer ball,,Waffles,Zippo,,
Walter,Paris,,Zigzag Salamander,Yo Yo,,Walnut,Zojirushi,,
Warren,Philipsburg,,Zokor,Zipper,,Wasabi,Zoom,,
Wendy,Phnom Penh,,Zorilla,,,Watercress,Zumba,,
Wendy,Podgorica,,Zorse,,,Watermelon,Zurich Insurance,,
Wesley,Port Louis,,,,,Wheat bread,Zyrtec,,
Whitney,Port Moresby,,,,,Whipped cream,,,
William,Port of Spain,,,,,Whiskey,,,
Willow,Port Vila,,,,,Wontons,,,
Winona,Port au Prince,,,,,Worcestershire sauce,,,
Wyatt,Porto-Novo,,,,,Yacon,,,
Xander,Prague,,,,,Yaki imo,,,
Xavi,Praia,,,,,Yaki udon,,,
Xavier,Pretoria,,,,,Yams,,,
Xena,Pyongyang,,,,,Yellowfin tuna,,,
Xenia,Pyongyang,,,,,Yoghurt parfait,,,
Xerxes,Qingdao,,,,,Yogurt,,,
Ximena,Quebec,,,,,Yorkshire pudding,,,
Xiomara,Quetta,,,,,Youtiao,,,
Xyla,Quito,,,,,Yuzu,,,
Xylon,Rabat,,,,,,,,
Yara,Rangoon,,,,,,,,
Yasir,Recife,,,,,,,,
Yasmin,Regina,,,,,,,,
Yasmine,Rennes,,,,,,,,
Yolanda,Reykjavik,,,,,,,,
Yosef,Riga,,,,,,,,
Yuri,Rio de Janeiro,,,,,,,,
Yves,Riyadh,,,,,,,,
Yvette,Rome,,,,,,,,
Yvonne,Roseau,,,,,,,,
Zachariah,Rotterdam,,,,,,,,
Zachary,San Francisco,,,,,,,,
Zander,San Jose,,,,,,,,
Zane,San Marino,,,,,,,,
Zara,San Salvador,,,,,,,,
Zayn,Santiago,,,,,,,,
Zelda,Santo Domingo,,,,,,,,
Zoe,Sao Paulo,,,,,,,,
Zoey,Sao Tome,,,,,,,,
Zuri,Sarajevo,,,,,,,,
,Seattle,,,,,,,,
,Seoul,,,,,,,,
,Shanghai,,,,,,,,
,Singapore,,,,,,,,
,Skopje,,,,,,,,
,Sofia,,,,,,,,
,Stockholm,,,,,,,,
,Stuttgart,,,,,,,,
,Sucre,,,,,,,,
,Suva,,,,,,,,
,Sydney,,,,,,,,
,Taipei,,,,,,,,
,Tallinn,,,,,,,,
,Tashkent,,,,,,,,
,Tbilisi,,,,,,,,
,Tegucigalpa,,,,,,,,
,Tehran,,,,,,,,
,Tel Aviv,,,,,,,,
,The Valley,,,,,,,,
,Thessaloniki,,,,,,,,
,Thimphu,,,,,,,,
,Tianjin,,,,,,,,
,Tirana,,,,,,,,
,Tokyo,,,,,,,,
,Toronto,,,,,,,,
,Tripoli,,,,,,,,
,Tunis,,,,,,,,
,Turin,,,,,,,,
,Uberlandia,,,,,,,,
,Udon Thani,,,,,,,,
,Ufa,,,,,,,,
,Ujjain,,,,,,,,
,Ulaanbaatar,,,,,,,,
,Ulan Ude,,,,,,,,
,Ulsan,,,,,,,,
,Uppsala,,,,,,,,
,Urmia,,,,,,,,
,Utrecht,,,,,,,,
,Valencia,,,,,,,,
,Valletta,,,,,,,,
,Vancouver,,,,,,,,
,Varanasi,,,,,,,,
,Veracruz,,,,,,,,
,Victoria,,,,,,,,
,Vienna,,,,,,,,
,Vilnius,,,,,,,,
,Visakhapatnam,,,,,,,,
,Vladivostok,,,,,,,,
,Warsaw,,,,,,,,
,Washington D C,,,,,,,,
,Wellington,,,,,,,,
,Wenzhou,,,,,,,,
,Winnipeg,,,,,,,,
,Wroclaw,,,,,,,,
,Wuhan,,,,,,,,
,Wuhu,,,,,,,,
,Wuwei,,,,,,,,
,Wuxi,,,,,,,,
,Xalapa,,,,,,,,
,Xalapa,,,,,,,,
,Xiamen,,,,,,,,
,Xining,,,,,,,,
,Xuzhou,,,,,,,,
,Yangon,,,,,,,,
,Yantai,,,,,,,,
,Yaounde,,,,,,,,
,Yerevan,,,,,,,,
,Yichang,,,,,,,,
,Yinchuan,,,,,,,,
,Yiwu,,,,,,,,
,Yogyakarta,,,,,,,,
,Yokohama,,,,,,,,
,York,,,,,,,,
,Zagreb,,,,,,,,
,Zaragoza,,,,,,,,
,Zhengzhou,,,,,,,,
,Zhuhai,,,,,,,,
,Zurich,,,,,,,,
